peptide sequence,round # 4 occurence (#),round # 5 occurence (#),
YRSMRRGLIGIRGGGGGS*,65,83,
YSRCMSVVMVGRGGGGGS*,48,53,
YLGMLIRSLIMIGGGGGS*,35,30,
YGGIGLIGLIRV*RMRVEEEVA,31,25,
YWRLSRRSLRSGRRFGWRRR*L,20,25,
YGRGSI*IGILLMSIRVEEEVA,17,6,
YGRIFGL*FIRVGIGMVEEEVA,16,2,
YLVRIVRGRLGRGSIRGGGGGS*,16,19,
YRGIIVLI*GRCRSGMVEEEVA,14,3,
YLLIIIIILSLR*RWRVEEEVA,13,9,
YVGGIGSGRGISI*VWVEEEVA,13,4,
YCGGCIVSV*LRISLGVEEEVA,13,15,
YRIIISCIGFLLIGGGGGS*,12,10,
YLGLRGSSRVSIGRDTGGGGGS*,11,22,
Y*VGGILSIRGIFIRGVEEEVA,11,4,
YDGSVFSAEEDLWVDGGGGGS*,11,10,
YRGIGSILCMVI*RSMVEEEVA,11,7,
Y*IIRGGRVYHSPPGGGGGS*,11,4,
Y*SGIIVIIIVGFRLMVEEEVA,10,3,
YLSILFGRRVSRGGGGGS*,10,8,
YCRVGSLGF*RSGGGGGS*,10,6,
YRSGVGIGGGL*LIIMVEEEVA,9,8,
YSRFRSRRRRIR*LRWRRR*L,9,6,
YGRILIV*FMIRGSIRVEEEVA,9,2,
YVIVGMCGVVLILLSDGGGGGS*,9,3,
YCMGRRVGRLMVFVLLGGGGGS*,9,5,
YLGG*GLSIGRVISCMVEEEVA,9,5,
YLVRSIIILSGG*RFLVEEEVA,8,6,
Y*GGLRRRILGSIILMVEEEVA,8,1,
YCIGILLRIRGRGIR*VEEEVA,8,4,
YGIIGI*GFIGIRRGLVEEEVA,8,2,
YLIGRSGIISMLGGGGGS*,8,1,
Y*SIGIFISIIMLRCRVEEEVA,8,1,
YV*LLGGIRGIGL*RWVEEEVA,8,1,
YMLVSLLSGGSCMHTSGGGGGS*,7,0,
YGIMLFC*GIVGGSIMVEEEVA,6,2,
YIGVVSISRLMVIW*RVEEEVA,6,0,
YRFSRWRRVL*AWWRRR*L,6,0,
YGLGGVGIRCIML*GWVEEEVA,6,4,
Y*RIVRMGVFIIII*GVEEEVA,6,1,
YGGVSRRIMIRFRVIIGGGGGS*,6,4,
YLGR*FIIMLLRCIRMVEEEVA,6,1,
YGLGISMF*L*SIRSMVEEEVA,6,4,
Y*SIGIIMCIRRRSLMVEEEVA,6,2,
YRLRGRLGIIRFFRSRWRRR*L,6,0,
YLGSMVSRFIGRLMQHGGGGGS*,6,0,
YSMGLVCIGIRVI*RRVEEEVA,5,1,
YGI*GIRGGRSSSSIRVEEEVA,5,6,
YGSIVSVIMVSIRV*RVEEEVA,5,1,
YVGLFMVGGIVLS*SVVEEEVA,5,3,
YSIIVLGCGRSILR*RVEEEVA,5,3,
YRRLVGVLRRRSGSFWWRRR*L,5,0,
YISIGSGSIS*GFCVMVEEEVA,5,3,
YRRRRLW*RRRRRGRGGGGGGS*,5,1,
YRGCGIG*SIRMGR*MVEEEVA,5,3,
YG*RIGIRGISV*MWLVEEEVA,5,0,
YII*LGIVIIMRRGSMVEEEVA,5,1,
YVSIGIIVSLPAMCIRGGGGGS*,5,6,
YIVSIIIGRSLLVR*VVEEEVA,5,1,
YRVVGRIIIGLVSGGGGGS*,5,1,
YGILGL*LIVRIGIRWVEEEVA,5,0,
YGIR*GMRFLLVFGGGGGS*,5,6,
YIVVRISGLC*LVCILVEEEVA,5,1,
YILGGLIVGFFRLILFGGGGGS*,5,0,
YIFRVFVGI*GILIGWVEEEVA,5,0,
YLRLGI*GMCGRMVFMVEEEVA,5,0,
YRFGSIM*LLSIMFVRVEEEVA,5,2,
YIVIVLGCILLLRF*RVEEEVA,5,0,
YLSGSSGGVIRIIGGGGGS*,4,1,
YRRRFGIGII*RLIIRVEEEVA,4,0,
YLRGSLIRIIHRDGGGGGS*,4,0,
YIIIFILSILRIRS*MVEEEVA,4,1,
YLG*IIIRIICRIIGMVEEEVA,4,0,
YLLIIFGMGMRV*IFMVEEEVA,4,3,
Y*GIRSII*RVISLSRVEEEVA,4,3,
YRVGIVRFLIIIIRLTIGLRR*L,4,3,
YGIGGLIRVRSGI*IRVEEEVA,4,0,
YGI*SIRLSLIGIFIGVEEEVA,4,0,
YRRRFVGFRRFRWWRRR*L,4,0,
YGIVIL*FLRIGIRIGVEEEVA,4,1,
YISLIGFLPYLHGGGGGS*,4,1,
YLGSIIGIGGRRS*RRVEEEVA,4,0,
YRIGRGGLGISLII*RVEEEVA,4,1,
YIRMCIIISSSMR*GRVEEEVA,4,1,
YRGIG*GIIIFVIIRMVEEEVA,4,2,
YG*LVIGGILR*RSIMVEEEVA,4,0,
YRSIRRISGIIFVGGGGGS*,4,1,
YLGLL*SRFVIVRGFMVEEEVA,4,0,
YLMFGGIGIRM*LILRVEEEVA,4,1,
YIISIGGIGLSIFIFCGGGGGS*,4,3,
YGGSGWVLVGSLLRRGGGGGGS*,4,0,
YRLFIIIIGSVSL*GRVEEEVA,4,1,
YIIRRVIIGIRV*IWLVEEEVA,4,2,
YLICIIIV*MCIMCRWVEEEVA,4,0,
YRCISGS*VIGIGISMVEEEVA,4,0,
YLVIRGRIGRGISGGGGGS*,4,0,
YFRGGLCG*RRRMRIMVEEEVA,4,0,
YG*GFSILFLGLIGSMVEEEVA,4,1,
YRRCIILVSIIMYEGGGGGS*,4,2,
YVRIGGIILGGLV*IRVEEEVA,3,1,
total #,3623,1538,


peptide sequence,round # 4 fraction (%),round # 5 fraction (%),
YRSMRRGLIGIRGGGGGS*,1.794%,5.397%,
YSRCMSVVMVGRGGGGGS*,1.325%,3.446%,
YLGMLIRSLIMIGGGGGS*,0.966%,1.951%,
YGGIGLIGLIRV*RMRVEEEVA,0.856%,1.625%,
YWRLSRRSLRSGRRFGWRRR*L,0.552%,1.625%,
YGRGSI*IGILLMSIRVEEEVA,0.469%,0.390%,
YGRIFGL*FIRVGIGMVEEEVA,0.442%,0.130%,
YLVRIVRGRLGRGSIRGGGGGS*,0.442%,1.235%,
YRGIIVLI*GRCRSGMVEEEVA,0.386%,0.195%,
YLLIIIIILSLR*RWRVEEEVA,0.359%,0.585%,
YVGGIGSGRGISI*VWVEEEVA,0.359%,0.260%,
YCGGCIVSV*LRISLGVEEEVA,0.359%,0.975%,
YRIIISCIGFLLIGGGGGS*,0.331%,0.650%,
YLGLRGSSRVSIGRDTGGGGGS*,0.304%,1.430%,
Y*VGGILSIRGIFIRGVEEEVA,0.304%,0.260%,
YDGSVFSAEEDLWVDGGGGGS*,0.304%,0.650%,
YRGIGSILCMVI*RSMVEEEVA,0.304%,0.455%,
Y*IIRGGRVYHSPPGGGGGS*,0.304%,0.260%,
Y*SGIIVIIIVGFRLMVEEEVA,0.276%,0.195%,
YLSILFGRRVSRGGGGGS*,0.276%,0.520%,
YCRVGSLGF*RSGGGGGS*,0.276%,0.390%,
YRSGVGIGGGL*LIIMVEEEVA,0.248%,0.520%,
YSRFRSRRRRIR*LRWRRR*L,0.248%,0.390%,
YGRILIV*FMIRGSIRVEEEVA,0.248%,0.130%,
YVIVGMCGVVLILLSDGGGGGS*,0.248%,0.195%,
YCMGRRVGRLMVFVLLGGGGGS*,0.248%,0.325%,
YLGG*GLSIGRVISCMVEEEVA,0.248%,0.325%,
YLVRSIIILSGG*RFLVEEEVA,0.221%,0.390%,
Y*GGLRRRILGSIILMVEEEVA,0.221%,0.065%,
YCIGILLRIRGRGIR*VEEEVA,0.221%,0.260%,
YGIIGI*GFIGIRRGLVEEEVA,0.221%,0.130%,
YLIGRSGIISMLGGGGGS*,0.221%,0.065%,
Y*SIGIFISIIMLRCRVEEEVA,0.221%,0.065%,
YV*LLGGIRGIGL*RWVEEEVA,0.221%,0.065%,
YMLVSLLSGGSCMHTSGGGGGS*,0.193%,0.000%,
YGIMLFC*GIVGGSIMVEEEVA,0.166%,0.130%,
YIGVVSISRLMVIW*RVEEEVA,0.166%,0.000%,
YRFSRWRRVL*AWWRRR*L,0.166%,0.000%,
YGLGGVGIRCIML*GWVEEEVA,0.166%,0.260%,
Y*RIVRMGVFIIII*GVEEEVA,0.166%,0.065%,
YGGVSRRIMIRFRVIIGGGGGS*,0.166%,0.260%,
YLGR*FIIMLLRCIRMVEEEVA,0.166%,0.065%,
YGLGISMF*L*SIRSMVEEEVA,0.166%,0.260%,
Y*SIGIIMCIRRRSLMVEEEVA,0.166%,0.130%,
YRLRGRLGIIRFFRSRWRRR*L,0.166%,0.000%,
YLGSMVSRFIGRLMQHGGGGGS*,0.166%,0.000%,
YSMGLVCIGIRVI*RRVEEEVA,0.138%,0.065%,
YGI*GIRGGRSSSSIRVEEEVA,0.138%,0.390%,
YGSIVSVIMVSIRV*RVEEEVA,0.138%,0.065%,
YVGLFMVGGIVLS*SVVEEEVA,0.138%,0.195%,
YSIIVLGCGRSILR*RVEEEVA,0.138%,0.195%,
YRRLVGVLRRRSGSFWWRRR*L,0.138%,0.000%,
YISIGSGSIS*GFCVMVEEEVA,0.138%,0.195%,
YRRRRLW*RRRRRGRGGGGGGS*,0.138%,0.065%,
YRGCGIG*SIRMGR*MVEEEVA,0.138%,0.195%,
YG*RIGIRGISV*MWLVEEEVA,0.138%,0.000%,
YII*LGIVIIMRRGSMVEEEVA,0.138%,0.065%,
YVSIGIIVSLPAMCIRGGGGGS*,0.138%,0.390%,
YIVSIIIGRSLLVR*VVEEEVA,0.138%,0.065%,
YRVVGRIIIGLVSGGGGGS*,0.138%,0.065%,
YGILGL*LIVRIGIRWVEEEVA,0.138%,0.000%,
YGIR*GMRFLLVFGGGGGS*,0.138%,0.390%,
YIVVRISGLC*LVCILVEEEVA,0.138%,0.065%,
YILGGLIVGFFRLILFGGGGGS*,0.138%,0.000%,
YIFRVFVGI*GILIGWVEEEVA,0.138%,0.000%,
YLRLGI*GMCGRMVFMVEEEVA,0.138%,0.000%,
YRFGSIM*LLSIMFVRVEEEVA,0.138%,0.130%,
YIVIVLGCILLLRF*RVEEEVA,0.138%,0.000%,
YLSGSSGGVIRIIGGGGGS*,0.110%,0.065%,
YRRRFGIGII*RLIIRVEEEVA,0.110%,0.000%,
YLRGSLIRIIHRDGGGGGS*,0.110%,0.000%,
YIIIFILSILRIRS*MVEEEVA,0.110%,0.065%,
YLG*IIIRIICRIIGMVEEEVA,0.110%,0.000%,
YLLIIFGMGMRV*IFMVEEEVA,0.110%,0.195%,
Y*GIRSII*RVISLSRVEEEVA,0.110%,0.195%,
YRVGIVRFLIIIIRLTIGLRR*L,0.110%,0.195%,
YGIGGLIRVRSGI*IRVEEEVA,0.110%,0.000%,
YGI*SIRLSLIGIFIGVEEEVA,0.110%,0.000%,
YRRRFVGFRRFRWWRRR*L,0.110%,0.000%,
YGIVIL*FLRIGIRIGVEEEVA,0.110%,0.065%,
YISLIGFLPYLHGGGGGS*,0.110%,0.065%,
YLGSIIGIGGRRS*RRVEEEVA,0.110%,0.000%,
YRIGRGGLGISLII*RVEEEVA,0.110%,0.065%,
YIRMCIIISSSMR*GRVEEEVA,0.110%,0.065%,
YRGIG*GIIIFVIIRMVEEEVA,0.110%,0.130%,
YG*LVIGGILR*RSIMVEEEVA,0.110%,0.000%,
YRSIRRISGIIFVGGGGGS*,0.110%,0.065%,
YLGLL*SRFVIVRGFMVEEEVA,0.110%,0.000%,
YLMFGGIGIRM*LILRVEEEVA,0.110%,0.065%,
YIISIGGIGLSIFIFCGGGGGS*,0.110%,0.195%,
YGGSGWVLVGSLLRRGGGGGGS*,0.110%,0.000%,
YRLFIIIIGSVSL*GRVEEEVA,0.110%,0.065%,
YIIRRVIIGIRV*IWLVEEEVA,0.110%,0.130%,
YLICIIIV*MCIMCRWVEEEVA,0.110%,0.000%,
YRCISGS*VIGIGISMVEEEVA,0.110%,0.000%,
YLVIRGRIGRGISGGGGGS*,0.110%,0.000%,
YFRGGLCG*RRRMRIMVEEEVA,0.110%,0.000%,
YG*GFSILFLGLIGSMVEEEVA,0.110%,0.065%,
YRRCIILVSIIMYEGGGGGS*,0.110%,0.130%,
YVRIGGIILGGLV*IRVEEEVA,0.083%,0.065%,
